{
    "r2": 0.9966155554728823,
    "mse": 4.387292118319703
}